id,name,max_attendees,min_attendees,event_date,event_to_tag,venue_id
1,"Event 1",201,101,2025-05-01,,1
2,"Event 2",202,102,2025-05-02,,2
3,"Event 3",203,103,2025-05-03,,3
4,"Event 4",204,104,2025-05-04,,4
5,"Event 5",205,105,2025-05-05,,5
6,"Event 6",206,106,2025-05-06,,6
7,"Event 7",207,107,2025-05-07,,7
8,"Event 8",208,108,2025-05-08,,8
9,"Event 9",209,109,2025-05-09,,9
10,"Event 10",210,110,2025-05-10,,10
11,"Event 11",211,111,2025-05-11,,11
12,"Event 12",212,112,2025-05-12,,12
13,"Event 13",213,113,2025-05-13,,13
14,"Event 14",214,114,2025-05-14,,14
15,"Event 15",215,115,2025-05-15,,15
16,"Event 16",216,116,2025-05-16,,16
17,"Event 17",217,117,2025-05-17,,17
18,"Event 18",218,118,2025-05-18,,18
19,"Event 19",219,119,2025-05-19,,19
20,"Event 20",220,120,2025-05-20,,20
21,"Event 21",221,121,2025-05-21,,21
22,"Event 22",222,122,2025-05-22,,22
23,"Event 23",223,123,2025-05-23,,23
24,"Event 24",224,124,2025-05-24,,24
25,"Event 25",225,125,2025-05-25,,25
26,"Event 26",226,126,2025-05-26,,26
27,"Event 27",227,127,2025-05-27,,27
28,"Event 28",228,128,2025-05-28,,28
29,"Event 29",229,129,2025-05-01,,29
30,"Event 30",230,130,2025-05-02,,30
31,"Event 31",231,131,2025-05-03,,31
32,"Event 32",232,132,2025-05-04,,32
33,"Event 33",233,133,2025-05-05,,33
34,"Event 34",234,134,2025-05-06,,34
35,"Event 35",235,135,2025-05-07,,35
36,"Event 36",236,136,2025-05-08,,36
37,"Event 37",237,137,2025-05-09,,37
38,"Event 38",238,138,2025-05-10,,38
39,"Event 39",239,139,2025-05-11,,39
40,"Event 40",240,140,2025-05-12,,40
41,"Event 41",241,141,2025-05-13,,41
42,"Event 42",242,142,2025-05-14,,42
43,"Event 43",243,143,2025-05-15,,43
44,"Event 44",244,144,2025-05-16,,44
45,"Event 45",245,145,2025-05-17,,45
46,"Event 46",246,146,2025-05-18,,46
47,"Event 47",247,147,2025-05-19,,47
48,"Event 48",248,148,2025-05-20,,48
49,"Event 49",249,149,2025-05-21,,49
50,"Event 50",250,150,2025-05-22,,50
51,"Event 51",251,151,2025-05-23,,51
52,"Event 52",252,152,2025-05-24,,52
53,"Event 53",253,153,2025-05-25,,53
54,"Event 54",254,154,2025-05-26,,54
55,"Event 55",255,155,2025-05-27,,55
56,"Event 56",256,156,2025-05-28,,56
57,"Event 57",257,157,2025-05-01,,57
58,"Event 58",258,158,2025-05-02,,58
59,"Event 59",259,159,2025-05-03,,59
60,"Event 60",260,160,2025-05-04,,60
61,"Event 61",261,161,2025-05-05,,61
62,"Event 62",262,162,2025-05-06,,62
63,"Event 63",263,163,2025-05-07,,63
64,"Event 64",264,164,2025-05-08,,64
65,"Event 65",265,165,2025-05-09,,65
66,"Event 66",266,166,2025-05-10,,66
67,"Event 67",267,167,2025-05-11,,67
68,"Event 68",268,168,2025-05-12,,68
69,"Event 69",269,169,2025-05-13,,69
70,"Event 70",270,170,2025-05-14,,70
71,"Event 71",271,171,2025-05-15,,71
72,"Event 72",272,172,2025-05-16,,72
73,"Event 73",273,173,2025-05-17,,73
74,"Event 74",274,174,2025-05-18,,74
75,"Event 75",275,175,2025-05-19,,75
76,"Event 76",276,176,2025-05-20,,76
77,"Event 77",277,177,2025-05-21,,77
78,"Event 78",278,178,2025-05-22,,78
79,"Event 79",279,179,2025-05-23,,79
80,"Event 80",280,180,2025-05-24,,80
81,"Event 81",281,181,2025-05-25,,81
82,"Event 82",282,182,2025-05-26,,82
83,"Event 83",283,183,2025-05-27,,83
84,"Event 84",284,184,2025-05-28,,84
85,"Event 85",285,185,2025-05-01,,85
86,"Event 86",286,186,2025-05-02,,86
87,"Event 87",287,187,2025-05-03,,87
88,"Event 88",288,188,2025-05-04,,88
89,"Event 89",289,189,2025-05-05,,89
90,"Event 90",290,190,2025-05-06,,90
91,"Event 91",291,191,2025-05-07,,91
92,"Event 92",292,192,2025-05-08,,92
93,"Event 93",293,193,2025-05-09,,93
94,"Event 94",294,194,2025-05-10,,94
95,"Event 95",295,195,2025-05-11,,95
96,"Event 96",296,196,2025-05-12,,96
97,"Event 97",297,197,2025-05-13,,97
98,"Event 98",298,198,2025-05-14,,98
99,"Event 99",299,199,2025-05-15,,99
100,"Event 100",300,200,2025-05-16,,100

