id,event_id,start_time,end_time
1,1,2025-05-01 10:00:00,2025-05-01 12:00:00
2,2,2025-05-02 10:00:00,2025-05-02 12:00:00
3,3,2025-05-03 10:00:00,2025-05-03 12:00:00
4,4,2025-05-04 10:00:00,2025-05-04 12:00:00
5,5,2025-05-05 10:00:00,2025-05-05 12:00:00
6,6,2025-05-06 10:00:00,2025-05-06 12:00:00
7,7,2025-05-07 10:00:00,2025-05-07 12:00:00
8,8,2025-05-08 10:00:00,2025-05-08 12:00:00
9,9,2025-05-09 10:00:00,2025-05-09 12:00:00
10,10,2025-05-10 10:00:00,2025-05-10 12:00:00
11,11,2025-05-11 10:00:00,2025-05-11 12:00:00
12,12,2025-05-12 10:00:00,2025-05-12 12:00:00
13,13,2025-05-13 10:00:00,2025-05-13 12:00:00
14,14,2025-05-14 10:00:00,2025-05-14 12:00:00
15,15,2025-05-15 10:00:00,2025-05-15 12:00:00
16,16,2025-05-16 10:00:00,2025-05-16 12:00:00
17,17,2025-05-17 10:00:00,2025-05-17 12:00:00
18,18,2025-05-18 10:00:00,2025-05-18 12:00:00
19,19,2025-05-19 10:00:00,2025-05-19 12:00:00
20,20,2025-05-20 10:00:00,2025-05-20 12:00:00
21,21,2025-05-21 10:00:00,2025-05-21 12:00:00
22,22,2025-05-22 10:00:00,2025-05-22 12:00:00
23,23,2025-05-23 10:00:00,2025-05-23 12:00:00
24,24,2025-05-24 10:00:00,2025-05-24 12:00:00
25,25,2025-05-25 10:00:00,2025-05-25 12:00:00
26,26,2025-05-26 10:00:00,2025-05-26 12:00:00
27,27,2025-05-27 10:00:00,2025-05-27 12:00:00
28,28,2025-05-28 10:00:00,2025-05-28 12:00:00
29,29,2025-05-01 10:00:00,2025-05-01 12:00:00
30,30,2025-05-02 10:00:00,2025-05-02 12:00:00
31,31,2025-05-03 10:00:00,2025-05-03 12:00:00
32,32,2025-05-04 10:00:00,2025-05-04 12:00:00
33,33,2025-05-05 10:00:00,2025-05-05 12:00:00
34,34,2025-05-06 10:00:00,2025-05-06 12:00:00
35,35,2025-05-07 10:00:00,2025-05-07 12:00:00
36,36,2025-05-08 10:00:00,2025-05-08 12:00:00
37,37,2025-05-09 10:00:00,2025-05-09 12:00:00
38,38,2025-05-10 10:00:00,2025-05-10 12:00:00
39,39,2025-05-11 10:00:00,2025-05-11 12:00:00
40,40,2025-05-12 10:00:00,2025-05-12 12:00:00
41,41,2025-05-13 10:00:00,2025-05-13 12:00:00
42,42,2025-05-14 10:00:00,2025-05-14 12:00:00
43,43,2025-05-15 10:00:00,2025-05-15 12:00:00
44,44,2025-05-16 10:00:00,2025-05-16 12:00:00
45,45,2025-05-17 10:00:00,2025-05-17 12:00:00
46,46,2025-05-18 10:00:00,2025-05-18 12:00:00
47,47,2025-05-19 10:00:00,2025-05-19 12:00:00
48,48,2025-05-20 10:00:00,2025-05-20 12:00:00
49,49,2025-05-21 10:00:00,2025-05-21 12:00:00
50,50,2025-05-22 10:00:00,2025-05-22 12:00:00
51,51,2025-05-23 10:00:00,2025-05-23 12:00:00
52,52,2025-05-24 10:00:00,2025-05-24 12:00:00
53,53,2025-05-25 10:00:00,2025-05-25 12:00:00
54,54,2025-05-26 10:00:00,2025-05-26 12:00:00
55,55,2025-05-27 10:00:00,2025-05-27 12:00:00
56,56,2025-05-28 10:00:00,2025-05-28 12:00:00
57,57,2025-05-01 10:00:00,2025-05-01 12:00:00
58,58,2025-05-02 10:00:00,2025-05-02 12:00:00
59,59,2025-05-03 10:00:00,2025-05-03 12:00:00
60,60,2025-05-04 10:00:00,2025-05-04 12:00:00
61,61,2025-05-05 10:00:00,2025-05-05 12:00:00
62,62,2025-05-06 10:00:00,2025-05-06 12:00:00
63,63,2025-05-07 10:00:00,2025-05-07 12:00:00
64,64,2025-05-08 10:00:00,2025-05-08 12:00:00
65,65,2025-05-09 10:00:00,2025-05-09 12:00:00
66,66,2025-05-10 10:00:00,2025-05-10 12:00:00
67,67,2025-05-11 10:00:00,2025-05-11 12:00:00
68,68,2025-05-12 10:00:00,2025-05-12 12:00:00
69,69,2025-05-13 10:00:00,2025-05-13 12:00:00
70,70,2025-05-14 10:00:00,2025-05-14 12:00:00
71,71,2025-05-15 10:00:00,2025-05-15 12:00:00
72,72,2025-05-16 10:00:00,2025-05-16 12:00:00
73,73,2025-05-17 10:00:00,2025-05-17 12:00:00
74,74,2025-05-18 10:00:00,2025-05-18 12:00:00
75,75,2025-05-19 10:00:00,2025-05-19 12:00:00
76,76,2025-05-20 10:00:00,2025-05-20 12:00:00
77,77,2025-05-21 10:00:00,2025-05-21 12:00:00
78,78,2025-05-22 10:00:00,2025-05-22 12:00:00
79,79,2025-05-23 10:00:00,2025-05-23 12:00:00
80,80,2025-05-24 10:00:00,2025-05-24 12:00:00
81,81,2025-05-25 10:00:00,2025-05-25 12:00:00
82,82,2025-05-26 10:00:00,2025-05-26 12:00:00
83,83,2025-05-27 10:00:00,2025-05-27 12:00:00
84,84,2025-05-28 10:00:00,2025-05-28 12:00:00
85,85,2025-05-01 10:00:00,2025-05-01 12:00:00
86,86,2025-05-02 10:00:00,2025-05-02 12:00:00
87,87,2025-05-03 10:00:00,2025-05-03 12:00:00
88,88,2025-05-04 10:00:00,2025-05-04 12:00:00
89,89,2025-05-05 10:00:00,2025-05-05 12:00:00
90,90,2025-05-06 10:00:00,2025-05-06 12:00:00
91,91,2025-05-07 10:00:00,2025-05-07 12:00:00
92,92,2025-05-08 10:00:00,2025-05-08 12:00:00
93,93,2025-05-09 10:00:00,2025-05-09 12:00:00
94,94,2025-05-10 10:00:00,2025-05-10 12:00:00
95,95,2025-05-11 10:00:00,2025-05-11 12:00:00
96,96,2025-05-12 10:00:00,2025-05-12 12:00:00
97,97,2025-05-13 10:00:00,2025-05-13 12:00:00
98,98,2025-05-14 10:00:00,2025-05-14 12:00:00
99,99,2025-05-15 10:00:00,2025-05-15 12:00:00
100,100,2025-05-16 10:00:00,2025-05-16 12:00:00

