id,user_id,ip_address,expires_at
sess1,1,192.168.1.1,2025-04-01 12:00:00+00
sess2,2,192.168.1.2,2025-04-02 12:00:00+00
sess3,3,192.168.1.3,2025-04-03 12:00:00+00
sess4,4,192.168.1.4,2025-04-04 12:00:00+00
sess5,5,192.168.1.5,2025-04-05 12:00:00+00
sess6,6,192.168.1.6,2025-04-06 12:00:00+00
sess7,7,192.168.1.7,2025-04-07 12:00:00+00
sess8,8,192.168.1.8,2025-04-08 12:00:00+00
sess9,9,192.168.1.9,2025-04-09 12:00:00+00
sess10,10,192.168.1.10,2025-04-10 12:00:00+00
sess11,11,192.168.1.11,2025-04-11 12:00:00+00
sess12,12,192.168.1.12,2025-04-12 12:00:00+00
sess13,13,192.168.1.13,2025-04-13 12:00:00+00
sess14,14,192.168.1.14,2025-04-14 12:00:00+00
sess15,15,192.168.1.15,2025-04-15 12:00:00+00
sess16,16,192.168.1.16,2025-04-16 12:00:00+00
sess17,17,192.168.1.17,2025-04-17 12:00:00+00
sess18,18,192.168.1.18,2025-04-18 12:00:00+00
sess19,19,192.168.1.19,2025-04-19 12:00:00+00
sess20,20,192.168.1.20,2025-04-20 12:00:00+00
sess21,21,192.168.1.21,2025-04-21 12:00:00+00
sess22,22,192.168.1.22,2025-04-22 12:00:00+00
sess23,23,192.168.1.23,2025-04-23 12:00:00+00
sess24,24,192.168.1.24,2025-04-24 12:00:00+00
sess25,25,192.168.1.25,2025-04-25 12:00:00+00
sess26,26,192.168.1.26,2025-04-26 12:00:00+00
sess27,27,192.168.1.27,2025-04-27 12:00:00+00
sess28,28,192.168.1.28,2025-04-28 12:00:00+00
sess29,29,192.168.1.29,2025-04-01 12:00:00+00
sess30,30,192.168.1.30,2025-04-02 12:00:00+00
sess31,31,192.168.1.31,2025-04-03 12:00:00+00
sess32,32,192.168.1.32,2025-04-04 12:00:00+00
sess33,33,192.168.1.33,2025-04-05 12:00:00+00
sess34,34,192.168.1.34,2025-04-06 12:00:00+00
sess35,35,192.168.1.35,2025-04-07 12:00:00+00
sess36,36,192.168.1.36,2025-04-08 12:00:00+00
sess37,37,192.168.1.37,2025-04-09 12:00:00+00
sess38,38,192.168.1.38,2025-04-10 12:00:00+00
sess39,39,192.168.1.39,2025-04-11 12:00:00+00
sess40,40,192.168.1.40,2025-04-12 12:00:00+00
sess41,41,192.168.1.41,2025-04-13 12:00:00+00
sess42,42,192.168.1.42,2025-04-14 12:00:00+00
sess43,43,192.168.1.43,2025-04-15 12:00:00+00
sess44,44,192.168.1.44,2025-04-16 12:00:00+00
sess45,45,192.168.1.45,2025-04-17 12:00:00+00
sess46,46,192.168.1.46,2025-04-18 12:00:00+00
sess47,47,192.168.1.47,2025-04-19 12:00:00+00
sess48,48,192.168.1.48,2025-04-20 12:00:00+00
sess49,49,192.168.1.49,2025-04-21 12:00:00+00
sess50,50,192.168.1.50,2025-04-22 12:00:00+00
sess51,51,192.168.1.51,2025-04-23 12:00:00+00
sess52,52,192.168.1.52,2025-04-24 12:00:00+00
sess53,53,192.168.1.53,2025-04-25 12:00:00+00
sess54,54,192.168.1.54,2025-04-26 12:00:00+00
sess55,55,192.168.1.55,2025-04-27 12:00:00+00
sess56,56,192.168.1.56,2025-04-28 12:00:00+00
sess57,57,192.168.1.57,2025-04-01 12:00:00+00
sess58,58,192.168.1.58,2025-04-02 12:00:00+00
sess59,59,192.168.1.59,2025-04-03 12:00:00+00
sess60,60,192.168.1.60,2025-04-04 12:00:00+00
sess61,61,192.168.1.61,2025-04-05 12:00:00+00
sess62,62,192.168.1.62,2025-04-06 12:00:00+00
sess63,63,192.168.1.63,2025-04-07 12:00:00+00
sess64,64,192.168.1.64,2025-04-08 12:00:00+00
sess65,65,192.168.1.65,2025-04-09 12:00:00+00
sess66,66,192.168.1.66,2025-04-10 12:00:00+00
sess67,67,192.168.1.67,2025-04-11 12:00:00+00
sess68,68,192.168.1.68,2025-04-12 12:00:00+00
sess69,69,192.168.1.69,2025-04-13 12:00:00+00
sess70,70,192.168.1.70,2025-04-14 12:00:00+00
sess71,71,192.168.1.71,2025-04-15 12:00:00+00
sess72,72,192.168.1.72,2025-04-16 12:00:00+00
sess73,73,192.168.1.73,2025-04-17 12:00:00+00
sess74,74,192.168.1.74,2025-04-18 12:00:00+00
sess75,75,192.168.1.75,2025-04-19 12:00:00+00
sess76,76,192.168.1.76,2025-04-20 12:00:00+00
sess77,77,192.168.1.77,2025-04-21 12:00:00+00
sess78,78,192.168.1.78,2025-04-22 12:00:00+00
sess79,79,192.168.1.79,2025-04-23 12:00:00+00
sess80,80,192.168.1.80,2025-04-24 12:00:00+00
sess81,81,192.168.1.81,2025-04-25 12:00:00+00
sess82,82,192.168.1.82,2025-04-26 12:00:00+00
sess83,83,192.168.1.83,2025-04-27 12:00:00+00
sess84,84,192.168.1.84,2025-04-28 12:00:00+00
sess85,85,192.168.1.85,2025-04-01 12:00:00+00
sess86,86,192.168.1.86,2025-04-02 12:00:00+00
sess87,87,192.168.1.87,2025-04-03 12:00:00+00
sess88,88,192.168.1.88,2025-04-04 12:00:00+00
sess89,89,192.168.1.89,2025-04-05 12:00:00+00
sess90,90,192.168.1.90,2025-04-06 12:00:00+00
sess91,91,192.168.1.91,2025-04-07 12:00:00+00
sess92,92,192.168.1.92,2025-04-08 12:00:00+00
sess93,93,192.168.1.93,2025-04-09 12:00:00+00
sess94,94,192.168.1.94,2025-04-10 12:00:00+00
sess95,95,192.168.1.95,2025-04-11 12:00:00+00
sess96,96,192.168.1.96,2025-04-12 12:00:00+00
sess97,97,192.168.1.97,2025-04-13 12:00:00+00
sess98,98,192.168.1.98,2025-04-14 12:00:00+00
sess99,99,192.168.1.99,2025-04-15 12:00:00+00
sess100,100,192.168.1.100,2025-04-16 12:00:00+00
